	model	acc	diff	expected	unexpected	macrodiff
0	google-bert/bert-base-cased	0.95	-6.267700749449432	2.3353485069051385	8.60304925635457	-6.267700749449432
1	google-bert/bert-base-multilingual-cased	0.8125	-2.954826799458824	4.746094432794489	7.700921232253313	-2.9548267994588233
