	model	acc	diff	expected	unexpected	macrodiff
0	google-bert/bert-base-cased	0.8864285714285715	-3.1588579704838673	11.516287195255448	14.675145165739314	-3.158857970483867
1	google-bert/bert-base-multilingual-cased	0.5615178571428572	-0.406787347795353	7.95759863761564	8.364385985410994	-0.40678734779535386
