	model	acc	diff	expected	unexpected	macrodiff
0	google-bert/bert-base-cased	0.9585317460317461	-4.692258122981718	3.524223782992848	8.216481905974566	-4.692258122981718
1	google-bert/bert-base-multilingual-cased	0.8166666666666667	-1.8845178234790052	5.920535971058739	7.805053794537745	-1.8845178234790056
