	model	acc	diff	expected	unexpected	macrodiff
0	google-bert/bert-base-cased	0.8529464285714285	-4.702435507099217	9.819122632557587	14.521558139656804	-4.702435507099217
1	google-bert/bert-base-multilingual-cased	0.5802678571428571	-0.7723739359283354	9.78866778784193	10.561041723770266	-0.7723739359283357
