	model	acc	diff	expected	unexpected	macrodiff
0	google-bert/bert-base-cased	0.8666666666666667	-4.615870119890696	10.327310619595687	14.943180739486383	-4.615870119890696
1	google-bert/bert-base-multilingual-cased	0.5780753968253968	-1.2829859035541722	8.517397589462307	9.80038349301648	-1.282985903554172
