	model	acc	diff	expected	unexpected	macrodiff
0	google-bert/bert-base-cased	0.8668452380952381	-2.883630482515409	11.980579964238263	14.864210446753672	-2.883630482515409
1	google-bert/bert-base-multilingual-cased	0.5665476190476191	-0.3744325172954372	7.661949845774188	8.036382363069626	-0.37443251729543725
