	model	acc	diff	expected	unexpected	macrodiff
0	google-bert/bert-base-cased	0.9462946428571428	-2.474238999954292	17.493806410006115	19.968045409960407	-2.4742389999542915
1	google-bert/bert-base-multilingual-cased	0.7239285714285715	-1.8716188630035946	13.087605697299752	14.959224560303348	-1.8716188630035955
