	model	acc	diff	expected	unexpected	macrodiff
0	google-bert/bert-base-cased	0.6351190476190476	-0.9864533960819244	19.404812792936962	20.391266189018886	-0.9864533960819237
1	google-bert/bert-base-multilingual-cased	0.7633928571428571	-2.0175425227199284	13.226361627380053	15.243904150099981	-2.0175425227199284
