	model	acc	diff	expected	unexpected	macrodiff
0	google-bert/bert-base-cased	0.7964285714285714	-3.8096850944416865	14.070387225065913	17.880072319507597	-3.8096850944416847
1	google-bert/bert-base-multilingual-cased	0.7803571428571429	-2.6327639817245423	6.522514591590753	9.155278573315295	-2.6327639817245414
