	model	acc	diff	expected	unexpected	macrodiff
0	google-bert/bert-base-cased	0.9214285714285714	-5.549464781582356	10.335529633292131	15.884994414874486	-5.549464781582355
1	google-bert/bert-base-multilingual-cased	0.7857142857142857	-2.77138314701262	5.860500526995886	8.631883674008506	-2.77138314701262
