	model	acc	diff	expected	unexpected	macrodiff
0	google-bert/bert-base-cased	0.95	-2.9320012978145056	17.267119942392622	20.199121240207127	-2.932001297814505
1	google-bert/bert-base-multilingual-cased	0.8035714285714286	-2.729486652782985	12.144352347510202	14.873839000293186	-2.7294866527829846
