	model	acc	diff	expected	unexpected	macrodiff
0	google-bert/bert-base-cased	0.8540178571428572	-2.8182970196540866	11.820288477944477	14.638585497598562	-2.8182970196540857
1	google-bert/bert-base-multilingual-cased	0.5478571428571428	-0.42951452369990184	7.14024050665077	7.56975503035067	-0.4295145236999005
