	model	acc	diff	expected	unexpected	macrodiff
0	google-bert/bert-base-cased	0.9011904761904762	-4.966559837048962	10.581895593163512	15.548455430212474	-4.966559837048962
1	google-bert/bert-base-multilingual-cased	0.8214285714285714	-2.305446850546887	4.759222056370761	7.064668906917648	-2.305446850546887
