	model	acc	diff	expected	unexpected	macrodiff
0	google-bert/bert-base-multilingual-cased	0.902	-2.0914603104614846	2.9243044845246864	5.015764794986171	-2.0914603104614846
