	model	acc	diff	expected	unexpected	macrodiff
0	google-bert/bert-base-multilingual-cased	0.7857142857142857	-1.1037208295815313	13.823245743308437	14.926966572889969	-1.1037208295815315
