	model	acc	diff	expected	unexpected	macrodiff
0	google-bert/bert-base-multilingual-cased	0.789795918367347	-1.6301508912930436	9.04850942316645	10.678660314459492	-1.6301508912930416
