	model	acc	diff	expected	unexpected	macrodiff
0	google-bert/bert-base-multilingual-cased	0.6814625850340136	-0.6377556984074194	12.798573151235354	13.436328849642772	-0.6377556984074175
