	model	acc	diff	expected	unexpected	macrodiff
0	google-bert/bert-base-multilingual-cased	0.7524801587301587	-1.2076791435520924	9.659562122664047	10.867241266216139	-1.2076791435520917
