	model	acc	diff	expected	unexpected	macrodiff
0	google-bert/bert-base-multilingual-cased	0.7561224489795918	-1.0263022518292273	9.0221011183383	10.048403370167527	-1.026302251829227
