	model	acc	diff	expected	unexpected	macrodiff
0	google-bert/bert-base-multilingual-cased	0.5541071428571429	-0.14560174632107928	7.903946972934174	8.049548719255254	-0.14560174632108058
