	model	acc	diff	expected	unexpected	macrodiff
0	google-bert/bert-base-multilingual-cased	0.83	-1.3819500607062754	8.08394922471357	9.465899285419844	-1.3819500607062754
