	model	acc	diff	expected	unexpected	macrodiff
0	google-bert/bert-base-multilingual-cased	0.928	-3.944894832761958	4.6398731220494955	8.584767954811454	-3.9448948327619586
