	model	acc	diff	expected	unexpected	macrodiff
0	google-bert/bert-base-multilingual-cased	0.8948979591836734	-3.3433632445626187	4.181455066448733	7.5248183110113525	-3.343363244562619
