	model	acc	diff	expected	unexpected	macrodiff
0	google-bert/bert-base-multilingual-cased	0.9033928571428571	-2.8705357496841213	4.9088192850190016	7.779355034703123	-2.8705357496841213
