	model	acc	diff	expected	unexpected	macrodiff
0	google-bert/bert-base-multilingual-cased	0.7626984126984127	-1.1531110987775324	7.221039087740881	8.374150186518413	-1.153111098777532
