	model	acc	diff	expected	unexpected	macrodiff
0	google-bert/bert-base-multilingual-cased	0.862	-3.4361775386511195	4.073694978461523	7.509872517112642	-3.436177538651119
