	model	acc	diff	expected	unexpected	macrodiff
0	google-bert/bert-base-multilingual-cased	0.8040816326530612	-2.053094072502461	5.268575130986544	7.321669203489005	-2.0530940725024616
