	model	acc	diff	expected	unexpected	macrodiff
0	google-bert/bert-base-multilingual-cased	0.5782142857142857	-0.7415937147560042	10.660740385310547	11.40233410006655	-0.7415937147560037
